id,to,amount,note
1,John Doe,100,Lunch
2,Jane Doe,200,Dinner
id,to,amount,note
1,John Doe,100,Lunch
2,Jane Doe,200,Dinner
id,to,amount,note
1,John Doe,100,Lunch
2,Jane Doe,200,Dinner
id,to,amount,note
1,John Doe,100,Lunch
2,Jane Doe,200,Dinner
id,to,amount,note
1,John Doe,100,Lunch
2,Jane Doe,200,Dinner
id,to,amount,note
1,John Doe,100,Lunch
2,Jane Doe,200,Dinner
id,to,amount,note
1,John Doe,100,Lunch
2,Jane Doe,200,Dinner
id,to,amount,note
1,John Doe,100,Lunch
2,Jane Doe,200,Dinner
id,to,amount,note
1,John Doe,100,Lunch
2,Jane Doe,200,Dinner

3,John Doe,50,Coffee
4,Jane Doe,150,Tea
